<?xml version="1.0" encoding="UTF-8"?>
<project-private xmlns="http://www.netbeans.org/ns/project-private/1">
    <editor-bookmarks xmlns="http://www.netbeans.org/ns/editor-bookmarks/2" lastBookmarkId="0"/>
    <open-files xmlns="http://www.netbeans.org/ns/projectui-open-files/2">
        <group>
            <file>file:/C:/Hotel%20Billing%20Mgmt/src/hotel/billing/mgmt/ViewBill.java</file>
            <file>file:/C:/Hotel%20Billing%20Mgmt/src/hotel/billing/mgmt/SearchItem.java</file>
            <file>file:/C:/Hotel%20Billing%20Mgmt/src/hotel/billing/mgmt/DeleteItem.java</file>
            <file>file:/C:/Hotel%20Billing%20Mgmt/src/hotel/billing/mgmt/Login.java</file>
            <file>file:/C:/Hotel%20Billing%20Mgmt/src/hotel/billing/mgmt/UpEmp.java</file>
            <file>file:/C:/Hotel%20Billing%20Mgmt/src/hotel/billing/mgmt/CreateBill.java</file>
            <file>file:/C:/Hotel%20Billing%20Mgmt/src/hotel/billing/mgmt/CheckC.java</file>
            <file>file:/C:/Hotel%20Billing%20Mgmt/src/hotel/billing/mgmt/ViewAllItem.java</file>
            <file>file:/C:/Hotel%20Billing%20Mgmt/src/hotel/billing/mgmt/ChkCounter.java</file>
            <file>file:/C:/Hotel%20Billing%20Mgmt/src/hotel/billing/mgmt/UpdateItem.java</file>
            <file>file:/C:/Hotel%20Billing%20Mgmt/src/hotel/billing/mgmt/AddItem.java</file>
            <file>file:/C:/Hotel%20Billing%20Mgmt/src/hotel/billing/mgmt/MakePay.java</file>
            <file>file:/C:/Hotel%20Billing%20Mgmt/src/hotel/billing/mgmt/DelEmp.java</file>
            <file>file:/C:/Hotel%20Billing%20Mgmt/src/hotel/billing/mgmt/AddEmp.java</file>
            <file>file:/C:/Hotel%20Billing%20Mgmt/src/hotel/billing/mgmt/ViewPay.java</file>
            <file>file:/C:/Hotel%20Billing%20Mgmt/src/hotel/billing/mgmt/ViewAllEmp.java</file>
            <file>file:/C:/Hotel%20Billing%20Mgmt/src/hotel/billing/mgmt/UpGST.java</file>
        </group>
    </open-files>
</project-private>
